{"articles": {"_type": "table-file", "sha256": "ccc1e37a020e1a8af338802ceb5fb584935c69a7631337045900479a74ecbc9c", "size": 3628397, "path": "media/table/articles_0_ccc1e37a020e1a8af338.table.json", "ncols": 6, "nrows": 176000}, "_timestamp": 1686379525.058512, "_runtime": 3.391573905944824, "_step": 0, "_wandb": {"runtime": 3}}